{"camera_info":{"position":{"x":-6,"y":14,"z":16},"rotation":{"x":-0.1830127018922195,"y":-0.6830127018922201,"z":-0.1830127018922196,"w":0.6830127018922202}},"game_board":{"grid_size":{"width":30,"height":20}},"static_entities":[{"prefab_id":"Ground#001","coord":{"x":10,"y":10}},{"prefab_id":"Ground#001","coord":{"x":11,"y":10}},{"prefab_id":"Ground#001","coord":{"x":12,"y":10}}]}
